{"cameraMode":{"drawMode":0,"name":"Shaded","section":"Shading Mode"},"sceneLighting":false,"audioPlay":false,"sceneViewState":{"m_AlwaysRefresh":false,"showFog":true,"showSkybox":false,"showFlares":true,"showImageEffects":true,"showParticleSystems":true,"showVisualEffectGraphs":true,"m_FxEnabled":true},"in2DMode":false,"pivot":{"x":-0.8186832070350647,"y":0.7119073867797852,"z":13.158540725708008},"rotation":{"x":-0.02926705591380596,"y":-0.6904455423355103,"z":-0.027977393940091134,"w":0.7222502827644348},"size":1.9352561235427857,"orthographic":false}