{"cameraMode":{"drawMode":0,"name":"Shaded","section":"Shading Mode"},"sceneLighting":false,"audioPlay":false,"sceneViewState":{"m_AlwaysRefresh":false,"showFog":true,"showSkybox":false,"showFlares":true,"showImageEffects":true,"showParticleSystems":true,"showVisualEffectGraphs":true,"m_FxEnabled":true},"in2DMode":false,"pivot":{"x":-0.1850287914276123,"y":0.6092278957366943,"z":-2.9802322387695315e-8},"rotation":{"x":0.47860491275787356,"y":-0.16024430096149445,"z":0.08931764960289002,"w":0.8586519360542297},"size":1.0615520477294922,"orthographic":true}