{"cameraMode":{"drawMode":0,"name":"Shaded","section":"Shading Mode"},"sceneLighting":false,"audioPlay":false,"sceneViewState":{"m_AlwaysRefresh":false,"showFog":true,"showSkybox":false,"showFlares":true,"showImageEffects":true,"showParticleSystems":true,"showVisualEffectGraphs":true,"m_FxEnabled":true},"in2DMode":false,"pivot":{"x":-2.7940001487731935,"y":0.7322689294815064,"z":5.128098487854004},"rotation":{"x":0.0134104173630476,"y":-0.11462569981813431,"z":0.0015466171316802502,"w":0.9933188557624817},"size":1.8101032972335816,"orthographic":false}