{"cameraMode":{"drawMode":0,"name":"Shaded","section":"Shading Mode"},"sceneLighting":false,"audioPlay":false,"sceneViewState":{"m_AlwaysRefresh":false,"showFog":true,"showSkybox":false,"showFlares":true,"showImageEffects":true,"showParticleSystems":true,"showVisualEffectGraphs":true,"m_FxEnabled":true},"in2DMode":false,"pivot":{"x":-2.9802322387695315e-8,"y":0.5173887014389038,"z":0.16561077535152436},"rotation":{"x":0.47860491275787356,"y":-0.16024430096149445,"z":0.08931764960289002,"w":0.8586519360542297},"size":1.7883086204528809,"orthographic":true}