{"cameraMode":{"drawMode":0,"name":"Shaded","section":"Shading Mode"},"sceneLighting":false,"audioPlay":false,"sceneViewState":{"m_AlwaysRefresh":false,"showFog":true,"showSkybox":false,"showFlares":true,"showImageEffects":true,"showParticleSystems":true,"showVisualEffectGraphs":true,"m_FxEnabled":true},"in2DMode":false,"pivot":{"x":3.169712543487549,"y":0.6306936144828796,"z":5.840648651123047},"rotation":{"x":-0.03726935386657715,"y":-0.10859750211238861,"z":-0.004073895514011383,"w":0.9933792352676392},"size":1.2460349798202515,"orthographic":false}