{"cameraMode":{"drawMode":0,"name":"Shaded","section":"Shading Mode"},"sceneLighting":true,"audioPlay":false,"sceneViewState":{"m_AlwaysRefresh":false,"showFog":true,"showSkybox":true,"showFlares":true,"showImageEffects":true,"showParticleSystems":true,"showVisualEffectGraphs":true,"m_FxEnabled":true},"in2DMode":false,"pivot":{"x":14.757238388061524,"y":-1.2573747634887696,"z":21.593311309814454},"rotation":{"x":-0.11290398240089417,"y":0.15299825370311738,"z":-0.01747007854282856,"w":-0.9816054105758667},"size":31.683692932128908,"orthographic":false}